value,tweet
negatif,'admin' 'bantu' 'informasikan' 'ya' 'kait' 'limit' 'shopepay later' 'tentu' 'shope' 'kait' 'limit' 'shopepay later' 'pandemi' 'covid' 'tenang' 'kak' 'cepat' 'dinfoin' 'kait' 'limit' 'shope' 'pay' 'shopepay later' 'ya' 'mari' 'tingkatkan' 'belanja'
negatif,'admin' 'saya' 'tidak pernah' 'telat' 'bayar' 'transaksi' 'saya' 'sudah' 'tingkat' 'sampai' 'gold' 'pandemi' 'sampai' 'sekarang' 'akun' 'saya' 'bom' 'pakai' 'shopepay later' 'nya' 'teman' 'yang' 'yang' 'average' 'transaksi' 'bawah' 'saya' 'sudah' 'aktif'
negatif,'admin' 'tambahkan' 'gratis' 'ongkir' 'cod' 'minlagi' 'pandemi' 'gin' 'susah' 'isi' 'shope' 'pay' 'bayar' 'melalui' 'bank' 'supermarket lebih' 'nyaman' 'cod'
positif,'ajar' 'masak' 'pengalamanbaru' 'pandemi' 'inibayar' 'belanja' 'memakai' 'link' 'saja' 'bener bener' 'mbuat' 'mudah' 'lengkapnyauntuksemua'
positif,'akhir' 'suka' 'sekali' 'baca' 'buku' 'novel' 'benar' 'mbuat' 'suasana hati' 'masa' 'pandemi' 'bayar' 'tunai' 'takut' 'jalan' 'ninjaku' 'untuk' 'bayar' 'beli' 'interaksi' 'langsung' 'lengkapnyauntuksemua' 'p'
positif,'aku' 'malas' 'olahraga' 'sibuk' 'kerja' 'p' 'depok sudirman' 'jika' 'olahraga' 'sudah' 'lelah' 'duluan' 'pandemi' 'gin' 'wfh' 'asa' 'bosan' 'yoga' 'rumah' 'beli' 'alat' 'seperti' 'matras' 'dan yang lainya' 'olshop' 'bayar' 'memakai' 'praktis' 'lengka'
positif,'alam' 'dirumahaja' 'olahraga' 'bersih' 'rumah' 'karena' 'luang' 'waktu sat' 'pandemi' 'takut' 'rumah' 'semenjak' 'pakai' 'aplikasi' 'mudah' 'lengkapnyauntuks'
positif,'alam' 'linkaja' 'pandemi' 'lengkapnyauntuksemua' 'pengalamanbaru'
positif,'alhamdulilahsenangmakin' 'praktis' 'pakai' 'aplikasi' 'linkaja' 'transaksi' 'pandemi' 'kurang' 'transaksi' 'tunai' 'pakelinkaja'
positif,'aman' 'covid' 'keluarga' 'berita' 'berita' 'nasional' 'internasional' 'internet' 'ajar' 'uang' 'rumah' 'karena' 'link' 'saja' 'simpan' 'uang' 'daring' 'aman pen'
positif,'aplikasi' 'bantu' 'masa' 'pandemi' 'dompet' 'digital' 'yang' 'mudah' 'tidak' 'ribet' 'lengkapnyauntuksemua'
positif,'aplikasi' 'bantu' 'pandemi' 'aplikasi' 'linkaja' 'bayar' 'rumah mudahpratktis' 'cepat' 'terimakasih' 'pengalamanbaru' 'lengkap'
positif,'aplikasi' 'cocok' 'ajar' 'promosi' 'cocok' 'investasi' 'kondisi' 'pandemi' 'gin' 'lengkapnyauntuksemua'
positif,'aplikasi' 'inspirasi' 'jaga' 'protokol' 'sehat' 'pandemi' 'covid' 'moga' 'wabah' 'hilang' 'normal' 'lengkapnyauntuksemua'
positif,'aplikasi' 'lancar' 'hari' 'transaksi' 'pandemi' 'lengkapnyauntuksemua'
positif,'aplikasi' 'link' 'saja' 'manfat' 'giat' 'hari' 'transaksi' 'non tunai' 'sat' 'pandemi' 'kurang' 'kontak' 'fisik' 'lengkapnyabikinmerdeka'
positif,'aplikasi' 'manfat' 'promosi' 'guna' 'investasi' 'mudah' 'transaksi' 'pandemi' 'bantu' 'jaga' 'protokol' 'sehat' 'transaksi' 'sentuh' 'langsung' 'lengkapnyauntuksemua'
positif,'aplikasi' 'manfat' 'sat' 'pandemi' 'sibuk' 'bayar' 'suka' 'linkaja' 'lengkapnyabikinmerdeka'
positif,'aplikasi' 'wajib' 'instal' 'mudah' 'pandemi' 'serba' 'daring' 'pesan' 'tiket' 'krl' 'bayar' 'listrik' 'bayar' 'olshop' 'dan yang lainya' 'cocok' 'nabung' 'tidak' 'sibuk' 'antre' 'bank' 'lengkapnyauntuksemua'
positif,'asli' 'sih' 'aplikasi' 'mudah' 'pandemi' 'gin' 'mana' 'tidak' 'sibuk' 'bawa' 'telepon gengam' 'saja' 'praktis' 'manfat' 'suka' 'linkaja' '
positif,'astaga' 'sekali' 'tabung' 'kenceng' 'sekali' 'turun' 'tahun' 'tau' 'ketika' 'cek' 'rincian' 'isi' 'top' 'up' 'ovo' 'terus' 'pandemi' 'menjadi' 'grabcar' 'mesen' 'makan' 'bangke'
positif,'bagi' 'kirim' 'makna' 'uang' 'e money' 'gopay' 'gopay' 'sen' 'makan' 'gojek' 'belanja' 'butuh' 'daring' 'pakek' 'tokped' 'sedekah' 'mudah' 'meminimalisir' 'resiko' 'tular' 'covid' 'k'
positif,'bagus' 'kerja' 'masa' 'pandemi' 'jaga' 'protokol' 'sehat' 'pakai' 'linkaja' 'mudah' 'diantar ke rumah' 'makan' 'lengkapnyauntuksemua'
positif,'bagus' 'sekali' 'kak' 'suka' 'sekali' 'linkaja' 'ketika' 'sekali' 'pandemi' 'covid' 'pengalamanbaru' 'lengkapnyauntuksemua' 'dirumahaja'
positif,'bandung' 'pom' 'bensin' 'pertamina' 'memakai' 'linkaja' 'metode' 'bayar' 'memakai' 'linkaja' 'biaya' 'sana' 'hindar' 'kontak' 'dengan' 'tugas' 'pandemi'
positif,'bantu' 'aplikasi' 'link' 'saja' 'beli' 'pulsa' 'transfer' 'uang' 'rumah' 'dampak' 'covid' 'rumah' 'tampa' 'lengkapuntuksemuanya'
negatif,'barusan' 'dm' 'si' 'admin' 'ig' 'kronologi' 'gara' 'gabisa' 'memakai' 'shopepay' 'karena' 'belanja' 'tidak' 'sampai' 'k' 'sampai' 'batal' 'beli' 'padahal' 'pandemi' 'gin' 'dianjurin' 'non tunai' 'loh' '
positif,'bayar' 'memakai' 'gopay' 'transfer' 'barang' 'taro' 'dipager' 'sempet' 'bingung' 'makan' 'minum' 'bagaimana' 'krna' 'dirmh' 'abis' 'bersyukur' 'tetanga' 'yang' 'tidak' 'peduli' 'julid' 'org' 'gantungin' 'makan' 'dipager' 'sekarang' 'nyokap' 'denger' 'kita' 'covid' 'saja' 'langsung' 'takut' 'tidak'
positif,'belanja' 'mana' 'saja' 'linkaja' 'benar' 'mudah' 'pandemi' 'non tunai' 'lengkapnyauntuksemua'
positif,'beli' 'kuota' 'habis' 'ya' 'tidak' 'covid' 'beli' 'memakai' 'pulsa' 'shopepay'
positif,'berkat' 'link' 'saja' 'bayar' 'asuransi' 'bpjs' 'daring' 'apalahi' 'pandemi' 'serba' 'daring' 'bayar' 'tagihan' 'listrik' 'daring' 'terimakasih' 'nya' 'tertawa'
positif,'berkat' 'link' 'saja' 'bayar' 'asuransi' 'bpjs' 'daring' 'apalahi' 'pandemi' 'serba' 'daring' 'bayar' 'tagihan' 'listrik' 'daring' 'terimakasih' 'nya' 'tertawa' 'lengkapuntuksemua'
positif,'berkat' 'promosi' 'kuota' 'ajar' 'masak' 'pandemi' 'tutorial' 'youtube' 'pengalamanbaru' 'lengkapnyauntuksemua'
positif,'bersyukur' 'jenis' 'bayar' 'mudah' 'senang' 'sekali' 'pandemi' 'covid' 'linkaja' 'bantu' 'kurang' 'sebar' 'virus' 'bayar' 'sistem' 'digital' 'praktis' 'linkaja'
positif,'bersyukur' 'masa' 'pandemi' 'praktis' 'bayar' 'aplikasi' 'linkaja' 'terima' 'kasih' 'link' 'saja' 'pakelinkaja'
positif,'bersyukur' 'sekali' 'nemu' 'aplikasi' 'transaksi' 'aplikasi' 'masa' 'pandemi' 'menjadi' 'bayar' 'aplikasi' 'rumah' 'pakelinkaja'
positif,'citilink' 'shopepay' 'wujud' 'terbang' 'aman' 'jangkau' 'pandemi'
positif,'cocok' 'kerja' 'lengkapnyauntuksemua' 'mengispirasi' 'inovasi' 'pandemi'
positif,'cocok' 'pandemi' 'harus' 'rumah' 'jauh' 'rami' 'promosi' 'guna' 'terima' 'kasih' 'link' 'saja' 'lengkapnyauntuksemua'
positif,'cocok' 'sekali' 'tengah' 'pandemi' 'inspirasi' 'dirumahaja' 'rumah' 'sehat' 'terimakasih' 'lengkapnyauntuksemua'
positif,'dan' 'pandemi' 'tepat' 'pakai' 'linkaja' 'terus' 'deh' 'sampai'
negatif,'dear' 'akun' 'blokir' 'sudah' 'menghubungi' 'pelayanan online' 'tapi' 'solusi' 'dintruksikan' 'datang' 'grapari' 'no' 'menghubungi' 'yang' 'daftar' 'no' 'telkomsel' 'pandemi' 'dintruksikan' 'rumah' 'saja' 'tolong' 'solusi' 'nya' 'agar' 'tidak' 'rumah' 'putus' 'rantai' 'tular'
positif,'dear' 'alfaexpres' 'stasiun' 'pondokranji' 'bayar' 'pakai' 'shopepay' 'alas' 'langsung' 'sejati' 'non tunai' 'aman' 'pandemi'
positif,'gopay' ' ' ' ' ' ' 'sudah' 'folow' 'dari' 'moga' 'berkah' 'beli' 'gofod' 'karena' 'positif' 'covid' 'menjadi' 'gabisa' 'beli' 'makan' ' '
negatif,'hai' 'fiuers' 'podcast' 'jumat' 'hadir' 'presiden' 'bincang' 'seru' 'jahat' 'dompet digital' 'pandemi' 'penasaran' 'langsung' 'menekan tombol'
negatif,'hai' 'kak' 'mohon' 'maf' 'ketidaknyamananya' 'fini' 'informasi' 'tangal' 'april' 'situasi' 'pandemi' 'covid' 'ovo' 'paylater' 'aplikasi' 'tokopedia' 'transaksi' 'moga' 'informasi' 'fini' 'me'
positif,'hainamaku' 'fina' 'pandemi' 'transaksi' 'pakai' 'aplikasi' 'linkaja' 'mudah' 'tidak' 'ribet' 'pakai' 'telepon gengam' 'rumah' 'cocok' 'rumah' 'lengkapnyauntuksemua'
negatif,'halo' 'kak' 'devara' 'waduh' 'admin' 'maf' 'ya' 'sudah' 'mbuat' 'kakak' 'bingung' 'admin' 'informasikan' 'shope' 'sedang' 'menjalankan' 'bijak' 'kait' 'covid' 'yang' 'akibat' 'guna' 'shopepaylater' 'limit' 'menjadi' 'rp' 'mi'
positif,'hidup' 'ovo' 'bayaramanpakeovo' 'mudah' 'transaksi' 'apa' 'rumah' 'kondisi' 'pandemi' 'covid' 'staysafe' 'jaga' 'sehat' 'mari' 'budaya' 'bayar' 'non tunai' 'pa'
negatif,'hujan' 'masa' 'pandemi' 'susah' 'cari' 'uang' 'masa' 'pandemi' 'eh' 'ketika' 'pembelian' 'barang' 'shope' 'memakai' 'shopepay' 'isi' 'saldo' 'tidak' 'masuk' 'sudah' 'x' ' '
positif,'imlek' 'sekejap' 'uang' 'ini' 'pandemi' 'tetep' 'bagi' 'uang' 'virtual' 'cocok' 'protokol kesehatan' 'jaga' 'uang' 'kasih' 'pengalamanbaru' 'lengkapnyauntuksemua'
positif,'inspirasi' 'jaga' 'protokol' 'sehat' 'era' 'pandemi' 'lengkapnyauntuksemua'
positif,'inspirasi' 'jaga' 'protokol' 'sehat' 'moga' 'pandemi' 'lengkapnyauntuksemua'
positif,'inspirasi' 'jaga' 'protokol' 'sehat' 'mudah' 'transaksi' 'khusus' 'nya' 'masa' 'pandemi' 'lengkapnyauntuksemua'
positif,'inspiratif' 'solusi' 'pandemi' 'lengkapnyauntuksemua'
positif,'iya' 'benar' 'sekali' 'memakai' 'gopay' 'putus' 'rantai' 'sebar' 'covid'
positif,'iya' 'memang' 'tidak' 'memakai' 'uang' 'tunai' 'covid' 'amplop' 'nya' 'transfer' 'ovo' 'gopay' 'shopepay' 'link' 'dana' 'dan yang lainya' 'tertawa'
positif,'iya' 'ya' 'covid' 'orang' 'yang' 'bosan' 'lalu' 'tambah' 'shopepay' 'later' 'lalu' 'gratis ongkos kirim' 'yang' 'laku' 'shopepay' 'later' 'kerja' 'beli online' 'shope' 'tertawa' 'hanya' 'saya' 'pendapat'
positif,'jaga' 'sehat' 'dengan' 'makan' 'makan' 'sehat' 'menjadi' 'salah' 'era' 'pandemi' 'bareng' 'olahraga' 'sepeda' 'salah' 'aktifitas' 'kesukan' 'solusi' 'bayar' 'virtual' 'transaksi' 'len'
positif,'jaga' 'sehat' 'lingkung' 'keluarga' 'lingkung' 'masa' 'pandemi' 'lupa' 'protokol' 'sehat' 'ovo' 'memudahkan' 'transaksi' 'uang' 'tunai' 'semuatenangterlindungi'
positif,'jaga' 'sehat' 'semuatenangterlindungi' 'pandemi' 'wajib' 'patuh' 'protokol' 'jaga' 'kesehatanolahraga' 'tidur' 'atur' 'transaksi' 'pakai' 'ovo' 'pembelian' 'makan' 'aman' 'praktis'
positif,'jaga' 'sehat' 'semuatenangterlindungi' 'sat' 'pandemi' 'wajib' 'sekali' 'patuh' 'protokol' 'sehat' 'lupa' 'olahraga' 'makan' 'tidur' 'atur' 'pakai' 'ovo' 'bayar' 'aman' 'praktis'
negatif,'jauh' 'dompet digital' 'pandemi' 'gerus' 'saldo'
positif,'jika' 'shopepay' 'beli' 'baju' 'kerja' 'pandemi' 'tidak' 'toko swalayan' 'enak' 'beli' 'daring' 'saja' 'hbdjnt'
positif,'k' 'saja' nan 'semenjak' 'pandemi' 'ini' 'saya' 'sering' 'simpan' 'uang' 'gopay' 'ovo' 'shopepay'
positif,'kandasebaiknya' 'hindar' 'tular' 'covid' 'uang' 'tunai'
positif,'karena' 'tidak' 'wfh' 'menjadi' 'kantor' 'grab' 'alternatif' 'sekali' 'menjadi' 'transportasi' 'kantor' 'mana' 'pandemi' 'bisa' 'ngasih' 'saldo' 'ovo' 'points' 'trip' 'bolak' 'kantor rumah' 'sisa' 'jajan' 'gr'
positif,'kasih' 'saran' 'ibu' 'sedekah' 'hari' 'pandemi' 'mudah' 'tular' 'ulang' 'dompet digital' 'solusi' 'terima' 'kasih'
positif,'ken' 'deh' 'ajar' 'masak' 'pandemi' 'menjadi' 'giat' 'rumah' 'huhu' 'bahan' 'sudah' 'pd' 'bonus' 'untung' 'link' 'saja' 'bayar' 'toko online' 'ribet' 'pengalamanbaru' 'lengkapnyauntuksemua'
positif,'kerja' 'positif' 'pandemi' 'linkaja' 'catat' 'juta' 'guna' 'daftar'
positif,'kesukan' 'istri' 'saya' 'tuh' 'nge' 'toko swalayan' 'kondisi' 'seperti' 'pandemi' 'cemas' 'transaksi' 'tunai' 'untung' 'promonya' 'pengalamanbaru' 'lengkapnyauntuksemua'
positif,'ketika' 'kelas' 'daring' 'paket' 'habis' 'tengah' 'kelas' 'susah' 'untung' 'link' 'saja' 'beli' 'pulsa' 'cepat' 'tidak' 'ribet' 'mantap' 'deh' 'aplikasi' 'pandemi' 'gin' 'meminimalisir' 'rumah' 'pengalamanbar'
negatif,'ketika' 'pandemi' 'fitur' 'shope' 'pay' 'nonaktif' 'shope'
positif,'ketika' 'sekali' 'ini' 'selama' 'pandemi' 'bahagia' 'berkumpul' 'bersama' 'keluarga' 'bantu' 'orang tua' 'masak' 'and' 'berolahraga' 'untuk' 'jaga' 'sehat' 'tubuh' 'and' 'terimakasih' 'you' 'aplikasi' 'bantu' 'saya' 'mengisi' 'saldo' 'ovo' 'pengalamanb'
positif,'ketika' 'sekali' 'malas' 'rumah' 'pandemi' 'gin' 'dan' 'keren' 'dapet' 'diskon' 'pengalamanbaru' 'lengkapnyauntuksemua'
,'kl' 'yang' 'covid' 'way' 'to' 'long' 'lebih baik' 'saya' 'kasi' 'link' 'saja' 'highlight' '
negatif,'knapa' 'pulsa' 'rb' 'sudah' 'dri' 'x' 'jam' 'tungu' 'tidak' 'masuk' 'jangan' 'rugi' 'langan' 'masa' 'pandemi' 'kyk' 'gin'
positif,'kondisi' 'pandemi' 'memakai' 'link' 'saja' 'transaksi' 'apa' 'tidak' 'sibuk' 'suka' 'link' 'saja' 'lengkapnyabikinmerdeka'
positif,'kondisi' 'pandemi' 'memang' 'ngurangin' 'bayar' 'tunai' 'sehat' 'jika' 'bayar' 'saja' 'memakai' 'lengkapnyauntuksemua'
positif,'konsultasi' 'psikiater' 'kak' 'sudah' 'x' 'dokter' 'beda' 'tidak' 'bilang' 'kaya' 'gitu' 'tetep' 'dokter' 'cocok' 'ya' 'hati' 'ya' 'kak' 'jika' 'langsung' 'jangan' 'pilih' 'rumah sakit' 'yang' 'rujuk' 'covid' 'jika' 'daring' 'halodoc' 'saja' 'bayar' 'gopay' 'k' 'coba' 'dengar'
positif,'lagi' 'pandemi' 'ni' 'harus' 'sosyel' 'distensing' 'menjadi' 'transfer' 'aje' 'ye' 'dana' 'spay' 'gopay' 'bca' 'bni' 'dan yang lainya' 'siap' 'semua' 'hehe'
positif,'lbh' 'praktis' 'jika' 'terima' 'kartu' 'gopay' 'linkaja' 'juga' 'dlm' 'rangka' 'cegah' 'infeksi' 'covid' 'untuk' 'kurang' 'kontak' 'dengan' 'benda' 'yang' 'pakai' 'orang' 'seperti' 'atm'
positif,'lengkapnyauntuksemua' 'terimakasih' 'forma' 'pandemi' 'dengan' 'linkaja' 'bantu' 'dlm' 'transaksi'
negatif,'limit' 'shope' 'pay' 'later saya' 'bilang' 'sesuai' 'covid' 'tapi' 'limit' 'teman' 'teman saya' 'sudah'
negatif,'link' 'saja' 'baik' 'fitur' 'transaksi' 'unjung' 'grapari' 'sibuk' 'pandemi' 'tolong' 'bantu' 'admin'
positif,'link' 'saja' 'cocok' 'pandemi' 'rumah' 'beli' 'paket' 'bayar' 'listrik' 'transfer' 'inspirasi' 'dirumahaja' 'lengkapnyauntuksemua'
positif,'link' 'saja' 'mudah' 'transaksi' 'belanja' 'daring' 'pandemi' 'harus' 'rumah' 'saja' 'promosi' 'dapat' 'lengkapnyauntuksemua'
positif,'linkaja' 'inspirasi' 'dirumahaja' 'pandemi' 'covid' 'lengkapnyauntuksemua'
positif,'linkaja' 'inspiratif' 'recomended' 'aplikasi' 'sekali' 'masa' 'pandemi' 'per' 'serba' 'mudah' 'belanja' 'mana' 'saja' 'linkaja' 'lengkapnyauntuksemua'
positif,'linkaja' 'memang' 'baik' 'ketika' 'pandemi' 'kendala' 'pokok' 'nya' 'sukses' 'bersyukur' 'pakelinkaja'
positif,'linkaja' 'mudah' 'beli' 'kuota' 'pandemi' 'initidak' 'rumah' 'mobile' 'banking' 'pembayaranyaselamat' 'raya' 'imlek' 'lengkapnyauntuksemua'
positif,'linkaja' 'transaksi' 'mudah' 'sat' 'pandemi' 'salah' 'patuh' 'protokol' 'sehat' 'sukses' 'biat' 'link' 'saja' 'ikut' 'gerakindonesia'
positif,'make' 'gopay' 'kemaren' 'tepat' 'ketika' 'pandemi' 'sebenernya' 'sudah' 'make' 'isi' 'saldo' 'gopay' 'hapus' 'handphoneku' 'jelek' 'lot' 'pandemi' 'beli' 'beli' 'handphone' 'k'
positif,'malas' 'rumah' 'pandemi' 'ngak' 'bank online' 'atm' 'bantu' 'alam' 'transaksi' 'mudah' 'cepat' 'lengkap'
positif,'manfat' 'tidak' 'antre' 'pandemi' 'handphone' 'atas' 'linkaja' 'lengkapnyabikinmerdeka'
positif,'masa' 'pandemi' 'butuh' 'rekreasi' 'salah' 'wajib' 'salah' 'satu' 'jalan' 'toko swalayan' 'jarak' 'rumah' 'toko swalayan' 'harus' 'grabike' 'bayang' 'jika' 'hari' 'bayar' 'gin' 'bisa' 'ovo' 's'
positif,'masa' 'pandemi' 'gin' 'pelru' 'hati' 'hati' 'sih' 'pembyaran' 'terlebih' 'uang' 'tunai' 'takut' 'sebar' 'virus' 'lebih baik' 'memakai' 'linkaja' 'bayar' 'krl' 'loh' 'lengkapnyauntuksemua'
positif,'masa' 'pandemi' 'gin' 'sulit' 'mana' 'transaksi' 'langsung' 'takut' 'kena' 'corona' 'untung' 'linkaja' 'solusi' 'yang' 'cepat' 'manfat' 'linkaja' 'lengkapnyauntuksemua' 'pengalamanbaru'
positif,'masa' 'pandemi' 'harus' 'makan' 'makan' 'sehat' 'sayur' 'buah' 'buah' 'bayar' 'memakai' 'pengalamanbaru' 'lengkapnyauntuksemua'
positif,'masa' 'pandemi' 'sehat' 'wajib' 'sekali' 'patuh' 'protokol' 'sehat' 'dirumahsaja' 'transaksi' 'apa' 'memakai' 'ovo' 'nya' 'mudah' 'sekali' 'aman' 'semuatenangterlindungi'
positif,'masa' 'pandemi' 'semuatenangterlindungi' 'jaga' 'imunitas' 'tubuh' 'dengan' 'olahraga' 'tat' 'protokol kesehatan' 'agar' 'protokol kesehatan' 'jika' 'sen' 'makan' 'daring' 'saja' 'memakai' 'ovo'
positif,'masyarakat' 'alih' 'layan' 'digital' 'pandemi' 'corona' 'salah' 'satu' 'bayar' 'non tunai' 'catat' 'lonjak' 'guna'
positif,'memakai' 'link' 'saja' 'pandemi'
positif,'memakai' 'shopepay' 'aman' 'aman' 'saja' 'si' 'kalau' 'isi' 'alfamart' 'indomaret' 'sekarang' 'juga' 'musim' 'covid' 'menjadi' 'tidak perlu' 'interaksi' 'kurir' 'lagi' 'hanya' 'kalau' 'isi' 'saldo' 'saja' 'agar' 'tidak' 'bolak'
positif,'memang' 'link' 'saja' 'bantu' 'saya' 'sekali' 'masa' 'pandemi' 'gin' 'serba' 'daring' 'lengkapnyauntuksemua'
positif,'memang' 'memakai' 'gopay' 'susah' 'ya' 'saya' 'covid' 'gin' 'tidak' 'pegang' 'tunai' 'sudah' 'non tunai' 'tukang' 'sayur' 'memakai' 'uang' 'digital' 'saya' 'memakai' 'uang' 'digital' 'serius' 'nanya'
positif,'memang' 'ngasih' 'solusi' 'sekali' 'ini' 'bayar' 'saja' 'ngurangin' 'transaksi' 'tunai' 'ketika' 'pandemi' 'kaya' 'gin' 'lengkapnyauntuksemua'
positif,'memang' 'solutif' 'sekali' 'pandemi' 'inspirasi' 'jaga' 'protokol' 'sehat' 'lengkapnyauntuksemua'
negatif,'moga' 'pandemi' 'kurang' 'aktifitas' 'belanja' 'daring' 'tingkat' 'semangat' 'indonesia' 'lengkapnyauntuksemua'
positif,'mudah' 'guna' 'rencana' 'libur' 'aman' 'nyaman' 'pandemi' 'wartajateng'
positif,'mudah' 'sat' 'pandemi' 'inspirasi' 'jaga' 'protokol' 'sehat' 'promosi' 'guna' 'lengkapnyauntuksemua'
positif,'mudah' 'urus' 'pandemi' 'isi' 'pulsa' 'token' 'tidak' 'minimarket' 'sudah' 'gitu' 'diskon' 'nya' 'jika' 'banyak' 'diskon' 'nya' 'lengkapnyauntuksemua' 'pengalamanbaru'
positif,'neng' 'olahraga' 'sepada' 'mana' 'pandemi' 'tingkat' 'sistem' 'imunitas' 'tubuh' 'tingkat' 'fiturnya' 'mana' 'mudah' 'bayar' 'daring' 'lengkapnyauntuk'
negatif,'nuntut' 'balikin' 'uang' 'yang' 'debit' 'gagal' 'beli' 'tiket' 'kereta' 'mbok' 'yo' 'keluhan saya' 'tindak' 'lanjut' 'kaum' 'proletar' 'uang' 'yang' 'tidak' 'harga' 'sekali' 'pandemi' 'halo' 'tolong' 'baca'
positif,'ovo' 'solusi' 'baik' 'pandemi' 'gin' 'belanja' 'butuh' 'tidak' 'sibuk' 'sibuk' 'rumah' 'tatap' 'muka' 'langsung' 'semuatenangterlindungi' 'patuh' 'protokol' 'sehat' 'anjur' 'perintah'
negatif,'ovo' 'updgrade' 'premium' 'ketika' 'harus' 'verifikasi' 'tempatnya' 'langsung' 'malas' 'sekali' 'tingi' 'covid'
positif,'pakai' 'link' 'ajabanyak' 'untung' 'loh' 'promosi' 'guna' 'zaman' 'apa' 'digital' 'pandemi' 'lengkapnyauntuksemua'
positif,'pandemi' 'ajar' 'bisnis' 'daring' 'alam' 'hasil' 'bagus' 'tambah' 'uang' 'jajan' 'uang' 'hasil' 'bisnis' 'simpan' 'aplikasi' 'mudah' 'bantu' 'bayar' 'lengk'
positif,'pandemi' 'aktivitas' 'rumah' 'masak' 'dekor' 'kamar' 'rapi' 'kamar' 'lupa' 'olahraga' 'kalah' 'tarik' 'aplikasi' 'bayar' 'daring' 'pengalamanbaru' 'l'
positif,'pandemi' 'alias' 'dirumahaja' 'masak' 'olahraga' 'ingat' 'transaksi' 'memakai' 'lengkapnyauntuksemua' 'pengalamanbaru'
positif,'pandemi' 'berlangsungaku' 'coba' 'ajar' 'masak' 'rumah' 'lengkap' 'alat' 'alat' 'masak' 'beli' 'daring' 'bayar' 'bantu' 'terima' 'kasih' 'pengalamanbaru' 'lengkapnyauntuksemua' 'linkaja'
positif,'pandemi' 'coronasangat' 'bantu' 'sekali karna' 'untung' 'dibandingkan dengan' 'dompet digital' 'lengkapnyauntuksemua'
positif,'pandemi' 'covid' 'guna' 'daftar' 'linkaja' 'persen'
positif,'pandemi' 'damri' 'tidak' 'bayar' 'memakai' 'linkaja' 'kartu' 'debit' 'gopay' 'ovo' 'dana' 'shopepay' 'dan yang lainya' 'terima' 'tunai' 'pandemi' 'loh' 'woy' 'pandemi' 'tolong' 'sekali' 'tidak' 'ngerti' 'lokasi' 'terminal' 'soeta'
positif,'pandemi' 'dapet' 'hobi' 'main' 'sepeda' 'bareng' 'teman' 'teman' 'beli' 'part' 'upgrade' 'sepeda' 'nya' 'bayar' 'pakai' 'ribet' 'tidak' 'bingung' 'dirumahaja' 'olahraga' 'cardio' 'sat' 'lengkapnyauntukse'
positif,'pandemi' 'dirumahaja' 'ajar' 'masak' 'transaksi' 'nya' 'memakai' 'pengalamanbaru' 'lengkapnyauntuksemua'
positif,'pandemi' 'dirumahaja' 'alam' 'ajar' 'masak' 'masak' 'kue' 'beli' 'bahan' 'masak' 'daring' 'bayar' 'pengalamanbaru' 'lengkapnyauntuksemua'
positif,'pandemi' 'dirumahaja' 'alam' 'baca' 'buku' 'ajar' 'masak' 'giat' 'keluarga' 'aktivitas' 'bayar' 'daring' 'aplikasi' 'pengalamanbaru'
positif,'pandemi' 'dirumasaja' 'alam' 'ajar' 'masak' 'baca' 'buku' 'giat' 'keluarga' 'ativitas' 'bayar' 'daring' 'aplikasi' 'pengalamanbaru' 'leng'
positif,'pandemi' 'dompet digital' 'transaksi' 'linkaja' 'salah' 'dompet digital' 'kesukan' 'bagus' 'kerja' 'promosi' 'guna' 'lengkapnyauntuksemua'
positif,'pandemi' 'giat' 'rumah' 'ajar' 'kuota' 'habis' 'aplikasi' 'mudah' 'cepat' 'isi' 'kuota' 'rumah' 'alam' 'berbisnis' 'daring' 'lengkapn'
positif,'pandemi' 'gilak' 'sih' 'dandan' 'baca' 'buku' 'jika' 'belanja' 'memakai' 'mudah' 'sekali' 'mantap' 'pengalamanbaru' 'lengkapnyauntuksemua'
positif,'pandemi' 'gin' 'alam' 'baca' 'buku' 'ajar' 'masak' 'masakan' 'indonesia' 'giat' 'lakuin' 'bantu' 'aplikasi' 'belanja' 'mudah' 'lengkapnyauntuksemua' 'pengalamanbaru'
positif,'pandemi' 'gin' 'cocok' 'ya' 'transaksi' 'non' 'tunai' 'sih' 'aman' 'jika' 'bayar' 'memakai' 'linkaja' 'hemat' 'sudah' 'lengkapnyaramadan' 'hemat' 'ribu'
positif,'pandemi' 'gin' 'jaga' 'jarak' 'gaboleh' 'kerumun' 'kerumun' 'mantan' 'ovo' 'benar' 'benar' 'membantu' 'waktu' 'kelaparan' 'sehat' 'memakai' 'prutect' 'care' 'bulan' 'parkir' 'saja' 'ovo' 'sudah'
positif,'pandemi' 'gin' 'jaga' 'sehat' 'semuatenangterlindungi' 'istirahat' 'yang' 'makan' 'makan' 'yang' 'gizi' 'hindar' 'stres' 'kurang' 'mobilitas' 'dengan' 'dirumahaja' 'minum' 'vitamin' 'rutin' 'patuh' 'protokol kesehatan' 'transaksi' 'non tunai'
positif,'pandemi' 'gin' 'mana' 'susah' 'tidak' 'tetep' 'keluar tapi' 'tau' 'fitur' 'dompet digital' 'salah' 'satu' 'beli' 'lengkap' 'sekolah' 'lain' 'langan' 'aplikasi' 'ajar' 'mudah' 'lengkapnyauntu'
positif,'pandemi' 'gin' 'mbuat' 'dirumahaja' 'ngasih' 'alam' 'tidak' 'dilupakan' 'suka' 'masak' 'karena' 'pandemi' 'mudah' 'jika' 'beli' 'saja' 'top' 'up' 'memakai' 'pengalamanbaru' 'lengkapnyauntuksem'
positif,'pandemi' 'gin' 'nga' 'sekolah' 'nga' 'kasih' 'uang' 'jajan' 'kasih' 'uang' 'mencuci' 'baju' 'keluarga' 'menangis' 'pokok' 'makasih' 'gopay' 'sudah' 'adain' 'event' 'bantu' ' 'moto' 'semangat' 'main' 'suwit' 'dapat' 'jarang' 'dapat' 'dikit' 'm'
positif,'pandemi' 'gin' 'produktif' 'ajar' 'foto' 'olahraga' 'pagi' 'pasti' 'mengerjakan' 'tugas' 'kampus' 'bantu' 'paket' 'internet' 'murah' 'pengalamanbaru' 'lengkapnyauntuksemua'
positif,'pandemi' 'gin' 'sehat' 'nomor' 'jaga' 'pandemi' 'transaksi' 'pakai' 'ovo' 'isi' 'pulsa' 'token' 'pesan' 'makan' 'semuatenangterlindungi'
positif,'pandemi' 'habis' 'baca' 'buku' 'novel' 'siap' 'masuk' 'ptn' 'mingu' 'beli' 'buku' 'daring' 'pengalamanbaru' 'lengkapnyauntuksemua'
positif,'pandemi' 'habis' 'dirumahaja' 'isi' 'luang' 'dengan' 'baca' 'buku' 'ajar' 'masak' 'juga' 'olahraga' 'pagi' 'dengan' 'memakai' 'sangat' 'bantu' 'keluarga' 'mudah' 'bayar' 'lalu'
positif,'pandemi' 'halang' 'tunjangan hari raya' 'kawan' 'sedia' 'ovo' 'dana' 'shopepay' 'gopay' 'tingal' 'memilih' 'selesai'
positif,'pandemi' 'intensitas' 'rumah' 'ajar' 'tulis' 'baca' 'buku' 'manfat' 'manfat' 'transaksi' 'lengkapnyauntuksemua' 'pengalamanbaru'
positif,'pandemi' 'jaga' 'imunitas' 'tubuh' 'olahraga' 'pagi' 'jemur' 'perlu' 'bayar' 'andal' 'karena' 'lengkap' 'fiturnya' 'pengalamanbaru' 'lengkapnyauntuksemua'
positif,'pandemi' 'jalan' 'jalan' 'uang' 'jajan' 'ditabung' 'investasi' 'investasi' 'sekali' 'ya' 'lengkapnyauntuksemua' 'pengalamanbaru'
positif,'pandemi' 'jarang' 'sekali' 'bayar' 'memakai' 'tunai' 'kurang' 'mata' 'rantai' 'covid' 'terima' 'pembelian' 'dateng' 'tidak' 'lupa' 'langsung' 'cuci' 'tangan' 'pandemi' 'ngebuat' 'rajin' 'pembelian' 'grabfod' 'mudah' 'bayar' 'pakai' 'ovo' 'te'
positif,'pandemi' 'kaya' 'gin' 'memang' 'enak' 'sekali' 'tuh' 'bayar' 'apa' 'rumah' 'saja' 'saya' 'kasih' 'tau' 'ya' 'teman' 'rumah' 'saja' 'pakai' 'hemat' 'teman' 'lengkapnyauntuksemua'
positif,'pandemi' 'kurang kurangin' 'transaksi' 'memakai' 'uang' 'tunai' 'lebih baik' 'bayar' 'memakai' 'lengkapnyauntuksemua'
positif,'pandemi' 'landa' 'indonesia' 'harus' 'dirumahaja' 'rumah' 'henti' 'beraktifitas' 'positif' 'jika' 'hubung' 'bayar' 'ya' 'lengk'
positif,'pandemi' 'link' 'saja' 'lbih' 'untung' 'lelah' 'lengkapnyauntuksemua' 'pengalamanbaru'
positif,'pandemi' 'luangsaya' 'putus' 'bisnis' 'hewan' 'peliharanmeskipun' 'susah' 'alhamdulilah' 'omset' 'penjualandan' 'bayar' 'listrik' 'kandang' 'enak' 'saja' 'memakai' 'nya' 'tidak' 'ribet' 'alam'
positif,'pandemi' 'makan' 'makan' 'sehat' 'bantu' 'sekali' 'sehat' 'tubuh' 'terima' 'kasih' 'link' 'saja' 'aplikasi' 'bantu' 'pengalamanbaru' 'lengkapuntuksemua'
positif,'pandemi' 'malas' 'mana' 'malas' 'memakai' 'uang' 'tunai' 'untung' 'saja' 'promosi' 'guna' 'lengkapnyauntuksemua'
positif,'pandemi' 'malas' 'sekali' 'transaksi' 'uang' 'tunai' 'andal' 'dompet digital' 'aktivitas' 'krl' 'bayar' 'ojek' 'daring' 'jajan' 'toko swalayan' 'beli' 'pulsa' 'kuota' 'dompet digital' 'tidak' 'b'
positif,'pandemi' 'memakai' 'link' 'saja' 'cocok' 'rumah' 'rumah' 'ya' 'promosi' 'guna' 'lengkapnyauntuksemua'
positif,'pandemi' 'memakai' 'linkaja' 'manfat' 'praktis' 'belanja' 'mana' 'ngak' 'sibuk' 'tidak' 'bawa' 'uang' 'tunai' 'kemana mama' 'bawa' 'telepon gengam' 'suka' 'linkaja' 'lengkapnyabikinmerdeka'
positif,'pandemi' 'merubah' 'pola' 'hidup' 'diringi' 'makan' 'makan' 'sehat' 'olahraga' 'jalan' 'protokol' 'sehat' 'salah' 'satu' 'meminimalisir' 'guna' 'uang' 'tunai' 'e money' 'lengkapn'
positif,'pandemi' 'monami' 'jika' 'jam' 'malem' 'diskon' 'ditambah' 'diskon' 'jika' 'memakai' 'shopepay' 'saya' 'bahagia'
positif,'pandemi' 'mudah' 'transaksi' 'beli' 'makan' 'makan' 'sehat' 'bayar' 'sepeda' 'olahraga' 'pagi' 'lengkapnyauntuksemua' 'pengalamanbaru'
positif,'pandemi' 'mudah' 'transaksi' 'rumah' 'tidak' 'rumah' 'pengalamanbaru' 'lengkapnyauntuksemua' 'linkaja'
positif,'pandemi' 'muncul' 'gagas' 'ide' 'usaha' 'maju' 'usaha' 'yang' 'rintis' 'untung' 'mudah' 'transfer' 'cepat' 'urus' 'pengalamanbaru' 'lengkapnyauntuksemua' 'linkaja'
positif,'pandemi' 'per' 'link' 'saja' 'bantu' 'masyarakatmenginspirasi' 'jaga' 'protokol' 'sehat' 'lengkapnyauntuksemua'
positif,'pandemi' 'psb' 'seperti' 'gin' 'takut' 'sekali' 'nyentuh' 'benda' 'apa' 'ketika' 'rumah' 'untung' 'yang' 'lengkapnyauntuksemua' 'krl' 'pakai' 'qr' 'code' 'saja'
positif,'pandemi' 'rumah' 'suka' 'baca' 'buku' 'untung' 'bayar' 'daring' 'tidak' 'rumah' 'pengalamanbaru' 'lengkapnyauntuksemua'
positif,'pandemi' 'rumah' 'ajar' 'ajar' 'memasakmembacaberolahraga' 'rumah' 'habis' 'luang' 'keluarga' 'aktivitas' 'bayar' 'daring' 'aplikasi' 'lengkapnyauntuks'
positif,'pandemi' 'saja' 'batu' 'bayar' 'on' 'line' 'yang' 'dagang' 'daring' 'membntu' 'jual' 'makan' 'daring' 'pengalamanbaru' 'lengkapnyauntuksemua' 'linkaja'
positif,'pandemi' 'saya' 'bosan' 'rumah' 'baca' 'bukubelajar' 'fotobelajar' 'masakbahkan' 'gemar' 'olahraga' 'sepeda untuk' 'urus' 'bayar' 'sibuk' 'akses' 'mana' 'saja' 'pengalamanbaru' 'lengkapnyauntuksemua'
positif,'pandemi' 'saya' 'dirumahaja' 'daring' 'pengalamanbaru' 'transaksi' 'daring' 'mudah' 'aplikasi' 'fitur' 'lengkapnyauntuksemua' '
positif,'pandemi' 'sedang' 'saja' 'mengenalkan' 'suami' 'main' 'permainan' 'sudah' 'ikut' 'jajan' 'melalui' 'shope' 'tingal' 'mengenalkan' 'shopepay'
positif,'pandemi' 'sekali' 'ajar' 'masak' 'seru' 'sekali' 'deh' 'tidak' 'takut' 'kuota' 'abis' 'sibuk' 'sibuk' 'toko' 'beli' 'kuota' 'bayar' 'memakai' 'linkaja' 'pengalamanbaru' 'lengkapnyauntuksemua'
positif,'pandemi' 'sekali' 'diskon' 'memakai' 'tumbler' 'shope' 'pay' 'roti' 'jarang' 'beli' 'gratis'
positif,'pandemi' 'suka' 'ajar' 'masak' 'rumah' 'terimakasih' 'link' 'saja' 'postingan' 'manfat' 'bayar' 'apa' 'mudah' 'praktis' 'lengkapnyauntuksemua' 'pengalamanbaru'
positif,'pandemi' 'suka' 'belanja' 'daring' 'shope' 'karena' 'gratis' 'ongkir' 'dan' 'mudah' 'bayarnya' 'pakai' 'shopepay' 'dapat' 'potong' 'lagi' 'enak' 'deh' 'pokok' 'belanja' 'shope' 'puas' 'sangat'
positif,'pandemi' 'suka' 'sekali' 'olahraga' 'olahraga' 'pagi' 'nambah' 'hehehaku' 'suka' 'sekali' 'ajar' 'masak' 'kue' 'beli' 'bahan' 'bahan' 'toko online' 'bayar' 'memakai' 'linkaja' 'pokok' 'praktis' 'deh' 'pengalamanbaru' 'lengkapnyau'
positif,'pandemi' 'sy' 'menjadi' 'lbh' 'diantar ke rumah' 'pembelian' 'inspirasi' 'ibu' 'cocok' 'diantar ke rumah' 'makan' 'terima' 'kasih' 'lengkapnyauntuksemua'
positif,'pandemi' 'terima' 'tunjangan hari raya' 'melalui' 'saldo' 'ovo' 'gopay' 'dana' 'tidak' 'transfer' 'kok' '
positif,'pandemi' 'tidak' 'aktivitas' 'dilakuin' 'rumah' 'bayar' 'mudah' 'lengkapnyauntuksemua' 'pengalamanbaru'
positif,'pandemi' 'transaksi' 'rumah' 'terima' 'kasih' 'lengkapnyauntuksemua'
positif,'pandemi' 'tuntut' 'ubah' 'dirumahaja' 'tuntut' 'kreatif' 'jaga' 'sehat' 'olah' 'raga' 'transaksi' 'kurang' 'resiko' 'tular' 'pengalamanbaru' 'lengkapnyauntuksemua'
positif,'penelitian' 'snapcart' 'markplus' 'shopepay' 'pandemi' 'corona' 'dibandingkan dengan'
positif,'pengalamanbaru' 'pandemi' 'mengunakan' 'mudah' 'episien' 'rumah' 'cari' 'kali' 'menekan tombol' 'jajah' 'cari' 'dirumahaja'
positif,'pengalamanya' 'pandemi' 'mendownload' 'aplikasi' 'linkajamembuat' 'susah' 'mudah' 'contoh' 'transfer' 'uang' 'lengkapnyauntuksemua' 'pengalamanbaru'
positif,'pertiwi' 'lomba' 'moga' 'indonesia' ' 'pulih' 'dri' 'pandemi' 'corona' 'linkaja' 'senantiasa' 'dompet' 'digital' 'handal' 'ganti' 'uang' 'tunai'
positif,'praktis' 'mana' 'aman' 'pegang' 'uang' 'jika' 'kondisi' 'covid' 'gin' 'lengkapnyabikinmerdeka'
negatif,'promosi' 'mudah' 'tingal' 'rumah' 'ngajak' 'jalan' 'pandemi' 'jika' 'sudah' 'tidak' 'pandemi' 'mengajak' 'macetin' 'jalan' 'saran' 'ya' 'admin' 'baik' 'ide' 'promosi' '
positif,'rangin' 'guna' 'uang' 'tunai' 'pandemi' 'gin' 'pilih' 'bayar' 'ojol' 'lengkapnyauntuksemua'
positif,'rencana' 'lebaran' 'pandemi' 'baik' 'adopsi' 'konsep' 'visa' 'tanpa kontak' 'tidak menyentuk' 'raya' 'dengan' 'sederhana' 'rumah' 'untuk' 'baik' 'uang' 'ponakan' 'top' 'up' 'dompet digital' 'jenius' 'hidup' 'mudah' 'jenius' 'buk'
positif,'rumah' 'berkat' 'linkaja' 'transaksi' 'mudah' 'nyaman' 'buka' 'usaha' 'jual' 'pulsa' 'linkaja' 'terima' 'kasih' 'pandemi' 'dapet' 'untung'
positif,'saja' 'yakan' 'atap' 'mobil' 'memberi' 'bingkis' 'cegah' 'covid' 'memakai' 'kurir' 'transfer' 'melalui' 'jika' 'kasi''
positif,'salah' 'dompet digital' 'pilih' 'beli' 'pandemi' 'penelitian' 'tambah' 'metode' 'bayar' 'shopepay' 'toko' 'daring' 'aktivasi' 'cepat' 'mudah' 'midtrans'
negatif,'salah' 'dua' 'admin' 'bukti' 'bayar' 'tagih' 'aktif' 'memakai' 'shopepay' 'paylater' 'tapi' 'akun' 'sudah' 'masuk' 'tahun' 'limit' 'mbuat' 'menjadi' 'tidak' 'dibalikin' 'sampai' 'sekarang' 'alas' 'gara' 'pandemi' ' '
positif,'saldo' 'gopay' 'tidak' 'saya' 'jajan' 'jajan' 'lunayan' 'ketika' 'pandemi' 'kemaren' 'promosi' ' ' 'sampai' 'tetep' 'memakai' 'gopay' '
positif,'saya' 'suka' 'simpan' 'uang' 'memakai' 'dompet' 'digital' 'dompet digital' 'jika' 'mutualanku' 'gimana' 'saya' 'sih' 'pakelinkaja' 'hobi' 'belanja' 'onlineku' 'tingkat' 'era' 'pandemi' 'gin' 'memakai' 'tidak' 'ini' 'lengkapnyauntuksemua'
positif,'sekali' 'aktifitas' 'dirumahaja' 'pandemi' 'sepeda' 'aktifitas' 'pandemi' 'terima' 'kasih' 'sudah' 'mudah' 'transaksi' 'telepon gengam' 'pengalamanbaru' 'lengkapnyauntuksemua'
positif,'sekejap' 'ultah' 'sidang' 'wisuda' 'daring' 'kak' 'sedih' 'pandemi' 'tidak' 'teman' 'yang' 'merayakan' 'bareng' 'ken' 'gunain' 'shope' 'pay' 'merayakan' 'belanjain' 'keluarga' 'hadiah' 'belanja' 'shope'
positif,'semangat' 'indonesia' 'hadap' 'pandemi' 'terimakasih' 'mudah' 'bayar' 'masa' 'pandemi' 'lengkapnyauntuksemua'
positif,'semenjak' 'pandemi' 'cermat' 'belanja' 'untung' 'promosi' 'voucher' 'shopepay' 'rp' 'ini' 'bayar' 'butuh' 'belanja' 'tingal' 'scan' 'tunai' 'butuh' 'dapur' 'aman' 'hemat' 'shopesms' 'fotomantulsale'
positif,'semenjak' 'pandemi' 'jarang' 'belanja' 'butuh' 'makan' 'diantar ke rumah' 'makan' 'aplikasi' 'link' 'saja' 'simpel' 'mudah' 'ibu' 'cocok' 'diantar ke rumah' 'makan' 'lengkap'
positif,'semenjak' 'pandemi' 'saya' 'malas' 'rumah' 'untung' 'saja' 'bantu' 'penuh' 'butuh' 'rumah' 'lengkapnyaramadan' 'hemat' 'ribu'
positif,'semenjak' 'pandemi' 'suka' 'baca' 'buku' 'ajar' 'fotografi' 'ajar' 'masak' 'mama' 'aktivitas' 'daring' 'pakai' 'aplikasi' 'pengalamanbaru' 'lengkapnyauntuksemua' 'linkaja'
positif,'semuatenangterlindungi' 'bulan' 'ramadhan' 'musim' 'pandemi' 'peran' 'ovo' 'karena' 'hindar' 'kontak' 'langsung' 'sentuh' 'inti' 'ovo' 'bantu'
positif,'semuatenangterlindungi' 'ketika' 'pandemi' 'seperti' 'gin' 'patuh' 'protokol' 'sehat' 'sih' 'tidak' 'rumah' 'beli' 'makan' 'puasa' 'malas' 'masak' 'ya' 'bayar' 'memakai' 'ovo' 'sen' 'makan' 'adal'
positif,'senang' 'inovasi' 'mudah' 'customer' 'masa' 'pandemi' 'pakelinkaja'
positif,'senang' 'sekali' 'link' 'saja' 'praktis' 'pandemi' 'seperti' 'gin' 'pakelinkaja'
negatif,'shopepay' 'later' 'saya' 'rupiah' 'ya' 'semenjak' 'covid' 'tertawa'
positif,'shopepay' 'sama sekali' 'gopay' 'sih' 'sama sekali' 'm banking' 'sebagai' 'pusat' 'tertawa' 'tidak pernah' 'narik' 'tunai' 'covid' 'sampai' 'lupa' 'memegang' 'uang' 'kertas' 'gimana' 'mengeluh' '
positif,'shopepay' 'si' 'kak' 'karena' 'pandemi' 'gin' 'butuh' 'sana' 'mudah' 'saja' 'rumah'
positif,'smenjak' 'pandemi' 'saya' 'sudah' 'malas' 'transaksi' 'memakai' 'tunai' 'jaga' 'saja' 'virus' 'yang' 'nempel' 'uang' 'tunai' 'jadi' 'saya' 'lebih memilih' 'berbelanja' 'atau' 'take' 'away' 'toko swalayan' 'atau' 'kafe' 'yang' 'menerima' 'pembayaran' 'mengunakan' 'linkaja' 'simpel' 'tidak' 'bawa' 'tunai' 'lalu' 'suka' 'promosi' 'lagi' 'lengkapnyauntuksemua'
positif,'sudah' 'benar' 'jajan' 'hemat' 'pandemi' 'beli' 'burger' 'ayam' 'bayar' 'memakai' 'item' 'saja' 'k' 'termasuk' 'pajak' 'dapat' 'diskon' 'k' 'hapines' '
negatif,'sudah' 'dibalesin' 'pagi' 'csnya' 'god' 'job' 'terimakasih' 'you' 'untuk' 'the' 'informasi' 'otp' 'tidak' 'dipake' 'selain' 'posisi' 'indonesia' 'sih' 'masuk' 'akal' 'ya' 'tetep' 'pikir' 'saldo' 'gopay' 'tahan' 'tidak' 'diapa apain' 'pulang' 'indo' 'tidak' 'covid' 'gin'
positif,'suka' 'sekali' 'aplikasi' 'mudah' 'era' 'digital' 'pandemi' 'serba' 'mudah' 'pengalamanbaru' 'lengkapnyauntuksemua'
positif,'suka' 'sekali' 'fitur' 'dompet digital' 'pusat' 'benar' 'mudah' 'untuk' 'mengisi saldo' 'dompet digital' 'guna' 'setia' 'ojol' 'mana' 'masa' 'pandemi' 'pilih' 'bayar' 'mengunakan' 'nontunai' 'dengan' 'fitur' 'dompet digital' 'pusat' 'mudah' 'mengisi saldo' 'dim'
positif,'suka' 'sekali' 'linkaja' 'manfat' 'belanja' 'praktis' 'tidak' 'ribet' 'rumah' 'pandemi' 'kaya' 'gin' 'terimakasih' 'linkaja' 'isi' 'merdeka' 'lengkapnyabikinkemerdekan'
positif,'sukses' 'linkaja' 'aplikasi' 'bantu' 'atas' 'bayar' 'kondisi' 'pandemi' 'lengkapnyabikinmerdeka' ' '
positif,'sukses' 'linkaja' 'mudah' 'transaksi' 'bayar' 'iur' 'asuransi' 'pandemi' 'lengkapnyauntuksemua'
positif,'sumon' 'memakai' 'bank' 'bumn' 'top' 'upnya' 'gratis' 'sesuai' 'butuh' 'top' 'up' 'bayar' 'bayar' 'bayar' 'sudah' 'tahun' 'ngak' 'roker' 'sih' 'pandemi' 'sih'
positif,'tau' 'tidak' 'dompet digital' 'memakai' 'pakelinkaja' 'transaksi' 'laku' 'transaksi' 'apa' 'memakai' 'ini' 'memang' 'linkaja' 'lengkapnyauntuksemua' 'mudah' 'masa' 'pandemi' 'harus' 'jaga' 'jarak'
positif,'teman' 'kos' 'pinjem' 'k' 'karena' 'keburu' 'pandemi' 'menjadi' 'mengembalikanya' 'transfer' 'tapi' 'beda' 'bank' 'dintruksikan' 'top' 'up' 'shopepay' 'saja' 'alfamart' 'agar' 'tidak ada' 'biaya' 'admin' 'tertawa'
positif,'terima' 'kasih' 'bantu' 'sat' 'pandemi' 'rumah' 'saja' 'tetep' 'belanja' 'transaksi' 'ngak' 'ribet' 'tambah' 'cashbacknya' 'cinta' 'deh' 'pokok' 'lengkapnyauntuksemua'
positif,'terima' 'kasih' 'bayar' 'pertamina' 'non tunai' 'tanpa kontak' 'bantu' 'kondisi' 'pandemi' 'lengkapnyauntuksemua'
positif,'terima' 'kasih' 'hadir' 'masa' 'pandemi' 'mudah' 'sentuh' 'jari' 'lengkapnyauntuksemua'
positif,'terima' 'kasih' 'mudah' 'transaksi' 'non' 'tunai' 'pandemi' 'lengkapnyauntuksemua'
positif,'terima' 'kasih' 'sangat' 'bantu' 'proses' 'bayar' 'pandemi' 'dengan' 'metode' 'non tunainya' 'jaga' 'hindar' 'tular' 'covid' 'uang' 'lengkapnyauntuksemua'
positif,'terima' 'kasih' 'sunguh' 'mudah' 'giat' 'transaksi' 'pandemi' 'lengkapnyauntuksemua'
positif,'terimakasih' 'bantu' 'mudah' 'transaksi' 'non' 'tunai' 'musim' 'pandemi' 'linkaja' 'lengkapnyauntuksemua'
positif,'terimakasih' 'bantu' 'mudah' 'transaksi' 'non' 'tunai' 'musim' 'pandemi' 'nyaman' 'transaksi' 'non' 'tunai' 'linkaja' 'lengkapnyauntuksemua'
positif,'terimakasih' 'beli' 'pulsa' 'bayar' 'listrik' 'mudah' 'mudah' 'pembayran' 'beli' 'banyak' 'promosi' 'diskon' 'nya' 'loh' 'cocok' 'rumah transaksi' 'rumah' 'pandemi' 'ya' 'linka'
positif,'terimakasih' 'beli' 'pulsa' 'bayar' 'listrik' 'mudah' 'mudah' 'pembayran' 'beli' 'banyak' 'promosi' 'diskon' 'nya' 'loh' 'cocok' 'rumah transaksi' 'rumah' 'pandemi' 'ya' 'linkaja'
positif,'terimakasih' 'mudah' 'bayar' 'transaksi' 'daring' 'masa' 'pandemi' 'pandemi' 'yuk' 'semangat' 'indonesia' 'lengkapnyauntuksemua'
positif,'terimakasih' 'mudah' 'proses' 'transaksi' 'pandemi' 'lengkapnyauntuksemua'
positif,'terimakasih' 'mudah' 'transaksi' 'non' 'tunai' 'musim' 'pandemi' 'bantu' 'transaksi' 'lengkapuntuksemua'
positif,'tidak' 'bales' 'terima' 'dana' 'saldo' 'shopepay' 'ovo' 'jenis' 'nomor' 'cegah' 'tular' 'covid' 
positif,'tidak' 'kasus' 'sy' 'bs' 'bayar' 'tunai' 'mas' 'terkadang' 'gopay' 'makan' 'mesti' 'titip' 'kyk' 'ketika' 'sy' 'covid' 'kalau' 'bayar' 'tunai' 'kasi' 'ojek' 'mesti' 'kontak' 'sama sekali' 'membersihkan' 'uang' 'untuk' 'praktis' 'hidup' 'sy' 'pil'
positif,'tidak' 'nyangka' 'ya' 'aplikasi' 'misalnya' 'makan' 'makan' 'sehat' 'era' 'pandemi' 'bayar' 'gofod' 'memakai' 'mudah' 'takut' 'papar' 'virus' 'pengalamanbaru' 'y'
positif,'tips' 'gaya' 'hidup' 'non tunai' 'masyarakat' 'pintarbersama' 'situasi' 'pandemi' 'hitung' 'keluar' 'rutin' 'bulan' 'pisah' 'keluar' 'rutin' 'melalui' 'daring' 'siap' 'dompet digital' 'aplikasi' 'pem'
positif,'tips' 'hemat' 'pandemi' 'lebih baik' 'belanja' 'dishope' 'saja' 'deh' 'super' 'hemat' 'diskon' 'gratis' 'ongkir' 'pasti' 'tidak' 'rumah' 'metode' 'cod' 'shopepayrp' 'semuarp'
positif,'traktir' 'teman' 'murah' 'berkat' 'promosi' 'rp' 'bantu' 'sekali' 'pandemi' 'hemat' 'keluar' 'semuarp' 'shopepayrp'
positif,'transaksi' 'gopay' 'lonjak' 'pandemi' 'covid'
positif,'tuju' 'sekali' 'byar' 'listrik' 'air' 'ngak' 'sibuk' 'pkai' 'linkaja' 'beres' 'pandemi' 'bayar' 'rumah'
negatif,'tutup' 'akun' 'saja' 'harus' 'memakai' 'surat' 'surat' 'tau' 'pandemi' 'ampun'
positif,'uang' 'kak' 'pandemi' 'ini' 'lebih baik' 'pakai' 'ovo' 'transfer' 'shopepay' 'menangis'
positif,'untung' 'gopay' 'silaturahmi' 'jalin' 'pandemi'
positif,'untung' 'sekali' 'sudah' 'sudah' 'linkaja' 'pandemi' 'dirumahaja' 'bayar' 'listrik' 'pdam' 'pulsa' 'telepon gengam' 'tv' 'kabel' 'sampai' 'pasar' 'online' 'kamar' 'toilet' 'memakai' 'linkaja' 'telepon gengam' ' 'lengkapnyauntuksemua' 'pengalamanbaru'
positif,'urus' 'praktis' 'enga' 'sibuk' 'urus' 'bayar' 'tagih' 'sat' 'pandemi' 'lengkapnyabikinmerdeka'
negatif,'valid' 'pandemi' 'cicil' 'shope' 'pay' 'later' 'me' 'telat' 'telponin' 'bunga' 'pusing' 'sekali' 'tertawa'
positif,'verifikasi' 'akun' 'tolak' 'ktp' 'rusak' 'gores' 'akibat' 'cuci' 'mesin' 'cuci' 'benar' 'ktp' 'ya' 'takut' 'pandemi' 'gin' 'ovo' 'premier' 'gopay' 'ditambah' 'lolos' 'jodoh' 'jodoh' 'dengan' 'toko online'
positif,'wah' 'praktis' 'linkaja' 'cocok' 'rumah' 'pandemi' 'inspirasi' 'dirumahaja' 'terima' 'kasih' 'lengkapnyauntuksemua'
positif,'ya' 'pandemi' 'benar' 'benar' 'membantu' 'gua' 'sekali' 'sih' 'bayar' 'apa' 'mudah' 'keamanan' 'terimakasih' 'lengkapnyauntuksemua' 'pengalamanbaru'
negatif,'ya' 'shope' 'pay' 'shopepay later' 'pandemi' 'akun' 'teman' 'pay' 'shopepay later' 'nya' 'limit' 'nya' 'akun'
